Event	Chrom	Start	Length (bp)	Description
1	chr1	9000	247852000	Deletion
2	chr2	9000	26900000	Deletion
3	chr2	27759000	56102000	Deletion
4	chr2	84761000	157201000	Deletion
5	chr3	9000	196450000	Deletion
6	chr4	9000	190200000	Deletion
7	chr5	9000	179606000	Deletion
8	chr6	9000	170102000	Deletion
9	chr7	9000	55102000	Deletion
10	chr7	55961000	7650000	Deletion
11	chr7	64411000	80500000	Deletion
12	chr7	145761000	8700000	Deletion
13	chr7	155311000	2450000	Deletion
14	chr8	9000	79800000	Deletion
15	chr8	80659000	64250000	Deletion
16	chr9	9000	140202000	Deletion
17	chr10	9000	134250000	Deletion
18	chr11	9000	133950000	Deletion
19	chr12	9000	132354000	Deletion
20	chr13	9000	113640000	Deletion
21	chr14	9000	105890000	Deletion
22	chr15	9000	101040000	Deletion
23	chr16	9000	30850000	Deletion
24	chr16	31759000	1600000	Deletion
25	chr16	34259000	54850000	Deletion
26	chr17	9000	17091000	Deletion
27	chr17	17950000	3400000	Deletion
28	chr17	22200000	20449000	Deletion
29	chr17	43549000	1900000	Deletion
30	chr17	46549000	33550000	Deletion
31	chr18	9000	76508000	Deletion
32	chr19	9000	57800000	Deletion
33	chr20	9000	61950000	Deletion
34	chr21	9000	46573000	Deletion
35	chr22	9000	49390000	Deletion
36	chrX	9000	1600000	Deletion
37	chrX	2359000	151900000	Deletion
38	chrY	6359000	22000000	Deletion
